id,title,slug,content,excerpt,author,featured_image,category,published,created_at,updated_at
21fa99b2-3078-42ab-8d1b-1d92343be07a,"Driving Operational Excellence: How an Automotive After Market Provider Transformed with Epicor Kinetic ERP ",driving-operational-excellence-how-an-automotive-after-market-provider-transformed-with-epicor-kinetic-erp,"
    <div class=""text-dark"">
        <blockquote class=""wp-block-quote"">
            <p>Few companies truly embody the spirit of the automotive aftermarket like Al Muqquram Auto Parts.
                Every interaction with them reminds me why relationships built on integrity and shared purpose stand
                the test of time.</p>
        </blockquote>
        <p><strong>A-MAP Group</strong>, a leading company in the global
            automotive parts distribution industry, embarked on a digital transformation journey to streamline
            operations and boost efficiency. With <a href="""">RheinBrücke’s</a> expertise and
            <a href="""">Epicor Kinetic
                ERP</a>, A-MAP achieved remarkable results, setting a new benchmark in operational excellence.
        </p>

<div class=""ser-btn2 m-auto text-center""><a class=""animated-svg-link1 btn-style-3"" href=""/contact/"">Contact Us<span class=""svg-container ""><span class="" left""><svg width=""24"" height=""23"" viewBox=""0 0 24 23"" fill=""none"" xmlns=""http://www.w3.org/2000/svg""><circle class=""dot"" opacity=""0.5"" cx=""16.0004"" cy=""4.79995"" r=""1.6"" fill=""#535353""></circle><circle class=""dot"" opacity=""0.5"" cx=""12.7992"" cy=""1.6"" r=""1.6"" fill=""#535353""></circle><circle class=""dot"" opacity=""0.5"" cx=""22.4008"" cy=""11.2"" r=""1.6"" fill=""#535353""></circle><circle class=""dot"" opacity=""0.5"" cx=""1.6"" cy=""11.2"" r=""1.6"" fill=""#535353""></circle><circle class=""dot"" opacity=""0.5"" cx=""6.40078"" cy=""11.2"" r=""1.6"" fill=""#535353""></circle><circle class=""dot"" opacity=""0.5"" cx=""11.1996"" cy=""11.2"" r=""1.6"" fill=""#535353""></circle><circle class=""dot"" opacity=""0.5"" cx=""16.0004"" cy=""11.2"" r=""1.6"" fill=""#535353""></circle><circle class=""dot"" opacity=""0.5"" cx=""19.1996"" cy=""14.4"" r=""1.6"" fill=""#535353""></circle><circle class=""dot"" opacity=""0.5"" cx=""16.0004"" cy=""17.6"" r=""1.6"" fill=""#535353""></circle><circle class=""dot"" opacity=""0.5"" cx=""12.7992"" cy=""20.8"" r=""1.6"" fill=""#535353""></circle><circle class=""dot"" opacity=""0.5"" cx=""19.1996"" cy=""8.00002"" r=""1.6"" fill=""#535353""></circle></svg></span></span></a></div>
<br/>

      <h3 class=""text-dark""><strong>About A-MAP Group</strong></h3>
<br>
        <p>Headquartered in Dubai, A-MAP is a subsidiary of the Badami
            Holding Group. The company specializes in distributing aftermarket automotive spare parts, batteries,
            and lubricants. With a global presence in China, South Africa, Nigeria, and Qatar, A-MAP represents top
            brands like Solite, Sebang, Rocket, and ADNOC Voyager lubricants.</p>

        <p>Their 24×7 roadside assistance service ensures rapid response and
            customer satisfaction across regions.</p>

         <h3 class=""text-dark""><strong>The Challenges</strong></h3>
<br>
        <p>&nbsp;As A-MAP expanded its global footprint, the company
            recognized opportunities to enhance operational efficiency and future-proof its business:</p>
        <p><strong>Modernizing Operational Processes</strong>: Existing
            manual methods for warehousing and inventory tracking provided a solid foundation but needed automation
            to improve speed and accuracy as the business grew.</p>
        <p><strong>Siloed Operations</strong>: Several business-critical
            systems operated independently. Integrating these would enable a more connected view of operations and
            unlock greater agility.</p>
        <p><strong>Need for Streamlining Workflows</strong>: Processes
            developed organically over time introduced complexity and redundancy, offering opportunities to simplify
            and optimize for higher productivity.</p>
        <p class=""""><strong>Need for Unified Insights</strong>: Data existed across
            the organization, but delivering real-time, unified insights would empower leadership to make faster,
            smarter decisions.</p>
            <h3 class=""text-dark""><strong>RheinBrücke’s
                Solution</strong></h3>
<br>
        <p>To address these challenges, RheinBrücke
            implemented&nbsp;<strong><a href="""">Epicor
                    ERP</a></strong>&nbsp;and&nbsp;<strong>Warehouse Management System (WMS)</strong>. <br>Key
            improvements included:</p>
        <p>To overcome these challenges, we deployed <strong>Epicor Kinetic
                ERP</strong> alongside a fully integrated <strong>Warehouse Management System (WMS)</strong>. This
            combination automated inventory tracking, optimized order fulfillment, and Warranty Management, sales,
            and warehouse operations within a single digital ecosystem.</p>
        <p><strong>Streamlined Sales &amp; Order Management</strong></p>
        <p>Automated order processing reduced errors and accelerated
            fulfilment.</p>
        <p>By automating the entire order-to-fulfilment cycle within
            <strong>Epicor Kinetic ERP</strong>, sales teams now experience faster order entry, automatic
            validation, and instant allocation of inventory. This reduced manual errors, shortened processing time,
            and improved overall fulfilment accuracy — ensuring every order is picked, packed, and dispatched
            efficiently.
        </p>
        <p><strong>Optimized Inventory &amp; Material Management</strong></p>

        <p>Real-time dashboards and FIFO processes improved stock visibility
            and turnover.</p>
        <p>The integration of <strong>Epicor Inventory Management</strong>
            with <strong>real-time dashboards</strong> has given A-MAP complete visibility over stock levels across
            all branches. Intelligent <strong>FIFO (First-In-First-Out)</strong> logic ensures proper material
            rotation, minimizing ageing inventory and write-offs.</p>
        <p><strong>Enhanced Warehousing &amp; Picking Operations</strong></p>
        <p>&nbsp;A-MAP’s warehouse operations were transformed through
            Kinetic <strong>mobile warehousing</strong> and a custom-built <strong>picking algorithm</strong>
            designed to handle both <strong>inward (receipts)</strong> and <strong>outward (order
                fulfilment)</strong> movements. The algorithm dynamically suggests the most efficient picking
            sequence based on product location, order priority, and load capacity — significantly reducing travel
            time and manual effort. The result: faster throughput, greater accuracy, and a paperless workflow from
            dock to dispatch.</p>
        <p><strong>Elevated Customer Experience</strong></p>
        <p>&nbsp;Customer interactions have become more transparent and
            responsive with the adoption of <strong>digital proof of delivery</strong> and <strong>mobile RMA
                (Return Material Authorization)</strong> applications. These tools enable customers to track
            deliveries, initiate returns seamlessly, and receive prompt updates — strengthening trust and brand
            loyalty..</p>
        <p><strong>Data-Driven Insights</strong></p>
        <p>Epicor’s MIS empowered leadership with real-time analytics for
            faster decisions.</p>
        <p>Epicor’s integrated <strong>Management Information System
                (MIS)</strong> delivers real-time performance metrics across sales, inventory, and warehouse
            functions. Dashboards and analytics now empower leadership teams to make faster, data-backed decisions —
            from identifying slow-moving items to optimizing branch-wise demand patterns.</p>
        <p><strong>Sustainable Operations</strong></p>
        <p>Paperless processes supported A-MAP’s green initiatives.</p>
        <p>By digitizing workflows and eliminating paper-based processes in
            sales, warehousing, and delivery documentation, A-MAP took a major step toward sustainability. The
            paperless operations not only reduced environmental impact but also improved data accuracy and
            traceability across departments.</p>
        <p><strong>Warranty Management</strong></p>
        <p>Warranty claims are seamlessly managed through
            <strong>RheinBrücke’s Mobile Warranty </strong> <strong>Solution</strong>, fully integrated with
            <strong>Epicor Kinetic</strong>. The solution enables complete traceability from claim initiation to
            closure, linking directly with inventory and serial tracking to instantly validate product eligibility.
            Onsite inspections are conducted through the mobile app, which automatically creates
            <strong>RMAs</strong> for valid claims and notifies the <strong>Sales team</strong> to generate the
            corresponding replacement order. This end-to-end automation has eliminated manual verification, reduced
            processing time, and significantly enhanced customer responsiveness
        </p>
        <p><strong>Logistics Optimization</strong></p>
        <p>The implementation optimized logistics planning through route
            visibility, consolidated dispatch scheduling, and performance tracking of delivery operations. Real-time
            updates from the WMS and ERP ensured efficient coordination between sales, warehouse, and logistics
            teams — minimizing idle time and maximizing delivery efficiency.</p>
             <h3 class=""text-dark""><strong>Before vs After: A
                Snapshot</strong></h3>
       <br>
        <h4 class=""text-dark""><strong>Business Impact</strong></h4>
       <ul>
            <li><strong>Operational Efficiency</strong>: Automation reduced manual work and improved agility.</li>
            <li><strong>Cost Savings</strong>: Lower admin overhead and better resource allocation.</li>
            <li><strong>Inventory Accuracy</strong>: Minimized stockouts and overstocking.</li>
            <li><strong>Faster Decisions</strong>: Real-time data enabled quicker responses to market needs.</li>
            <li><strong>Customer Satisfaction</strong>: Faster deliveries and smoother returns boosted loyalty.</li>
            <li><strong>Sustainability</strong>: Paperless processes reduced waste and environmental footprint.</li>
        </ul>
           <h3 class=""text-dark""><strong>Conclusion</strong></h3>
 <br>
        <p>A-MAP’s ERP transformation with RheinBrücke and Epicor has
            redefined how automotive distributors can operate in a digital-first world. With streamlined operations,
            real-time insights, and enhanced customer service, A-MAP is now better equipped for sustained growth and
            success.</p>
    </div>
",,Nithish Ramanathan,https://fltdymhjpiwnwltazqse.supabase.co/storage/v1/object/public/blog-images/blog-images/1765342043427-gcwxye.jpeg,all,true,2025-11-07 04:47:30.57692+00,2025-12-11 10:20:50.096461+00
65fd67ed-c633-492b-9956-67b929a463e3,"How to Build a Future-Ready Digital Strategy ",how-to-build-a-future-ready-digital-strategy,"    <div class=""text-dark"">
        <p>Digital technology moves faster than most business plans. Tools
            that felt cutting-edge two years ago can now seem outdated, and customer expectations are constantly
            shifting. In this environment, the question isn’t just how to go digital, but how to stay digital-ready.
            A future-ready digital strategy is less about adopting every new app and more about creating a
            foundation for continual change.</p>
<div class=""ser-btn2 m-auto text-center""><a class=""animated-svg-link1 btn-style-3"" href=""/contact/"">Contact Us<span class=""svg-container ""><span class="" left""><svg width=""24"" height=""23"" viewBox=""0 0 24 23"" fill=""none"" xmlns=""http://www.w3.org/2000/svg""><circle class=""dot"" opacity=""0.5"" cx=""16.0004"" cy=""4.79995"" r=""1.6"" fill=""#535353""></circle><circle class=""dot"" opacity=""0.5"" cx=""12.7992"" cy=""1.6"" r=""1.6"" fill=""#535353""></circle><circle class=""dot"" opacity=""0.5"" cx=""22.4008"" cy=""11.2"" r=""1.6"" fill=""#535353""></circle><circle class=""dot"" opacity=""0.5"" cx=""1.6"" cy=""11.2"" r=""1.6"" fill=""#535353""></circle><circle class=""dot"" opacity=""0.5"" cx=""6.40078"" cy=""11.2"" r=""1.6"" fill=""#535353""></circle><circle class=""dot"" opacity=""0.5"" cx=""11.1996"" cy=""11.2"" r=""1.6"" fill=""#535353""></circle><circle class=""dot"" opacity=""0.5"" cx=""16.0004"" cy=""11.2"" r=""1.6"" fill=""#535353""></circle><circle class=""dot"" opacity=""0.5"" cx=""19.1996"" cy=""14.4"" r=""1.6"" fill=""#535353""></circle><circle class=""dot"" opacity=""0.5"" cx=""16.0004"" cy=""17.6"" r=""1.6"" fill=""#535353""></circle><circle class=""dot"" opacity=""0.5"" cx=""12.7992"" cy=""20.8"" r=""1.6"" fill=""#535353""></circle><circle class=""dot"" opacity=""0.5"" cx=""19.1996"" cy=""8.00002"" r=""1.6"" fill=""#535353""></circle></svg></span></span></a></div>
<br/>
        <p>Building a future-ready digital strategy based on Enterprise
            Resource Planning (ERP) positions the ERP system as the foundational backbone of your organization’s
            digital transformation. A modern ERP is not just an accounting tool; it is the central platform for
            data, process integration, and adopting emerging technologies.</p>
        <p>Here is a strategic framework, centered on ERP, to achieve a
            future-ready digital enterprise:</p>
        <h3 class=""text-dark"">
            <strong>Phase 1: Define the Future-Ready Vision (The ‘Why’)</strong>
        </h3>
        <br>
        <p>The first step is to clearly define what “future-ready” means for your business, using the ERP as the
            primary enabler.</p>
        <p><strong>Align ERP with Business
                Strategy:<br></strong><strong>Goal:</strong> The investment in a new or upgraded ERP must be driven
            by business objectives like increased market competitiveness, better customer service, and improved
            financial results, not just replacing an old system.<br><strong>Action:</strong> Define a clear digital
            vision for the company that is directly enabled by the <a href="""">new
                ERP’s capabilities</a>, such as greater agility and operational efficiency.</p>
        <p><strong>Evaluate Current State and Identify Gaps
                (Diagnostic):<br></strong><strong>Goal:</strong> Understand your starting
            point.<br><strong>Action:</strong> Conduct a comprehensive evaluation of your existing IT environment
            and business processes. Identify inefficiencies, data silos, and integration gaps that a modern ERP
            needs to solve.</p>
        <p><strong>Define Success Metrics and Investment (KPIs &amp;
                ROI):<br></strong><strong>Goal:</strong> Establish a framework for measuring transformation progress
            and justifying the financial commitment.<br><strong>Action:</strong> Set Key Performance Indicators
            (KPIs) that directly tie back to your strategic objectives (e.g., faster financial close, reduced
            operational costs, improved on-time delivery metrics). Crucially, model the Total Cost of Ownership
            (TCO) and create a detailed return on investment (ROI) plan to justify the massive investment and
            internal resource allocation.</p>
          <h3 class=""text-dark""><strong>Phase 2: Establish the
                Future-Ready ERP Foundation (The ‘What’)</strong></h3>
        <br>
        <p>The core of the strategy lies in transforming your ERP into a
            scalable, intelligent, and agile digital platform.</p>
        <p><strong>Centralized Data and Governance (The Single Source of
                Truth):<br></strong><strong>Goal:</strong> Break down silos and ensure data consistency across the
            enterprise, acknowledging the multi-system reality.<br><strong>Action:</strong> Establish an
            <strong>Enterprise Information Model (EIM)</strong> to create common data definitions. Centralize
            transactional data within the ERP. Recognizing that modern organizations use a multi-system ecosystem
            (CRM, SCM, etc.), establish a Data Integration Layer or Data Warehouse (DWH) to aggregate and normalize
            data from all sources for enterprise-wide reporting and advanced analytics.
        </p>
        <p><strong>Process Re-engineering and
                Standardization:<br></strong><strong>Goal:</strong> Optimize end-to-end business processes before
            automating them.<br><strong>Action:</strong> Use the <a href="""">ERP implementation</a>
            as an opportunity to <strong>redefine and streamline</strong> operational processes to align with
            industry best practices embedded in the ERP. Standardize workflows across functional units to maximize
            efficiency. Simply applying new technology to old, inefficient processes is not effective.</p>
        <p><strong>Invest in Emerging and Scalable Technologies (Cloud and
                Composable):<br></strong><strong>Goal:</strong> Ensure the platform can adapt to future
            innovations.<br><strong>Action:</strong> Choose a <strong>Cloud or Hybrid-Cloud ERP</strong> solution
            for greater scalability, flexibility, and an “evergreen” operational model that receives continuous
            updates. Look for features like <a href=""""><strong>low-code/no-code
                    platforms</strong></a> and a <strong>composable design</strong>. Critically, evaluate the
            vendor’s innovation roadmap, API strategy, and partner ecosystem to ensure the platform will remain
            “future-proof” for the next decade.</p>
        <p><strong>Secure the Digital Backbone (Governance and
                Compliance):<br></strong><strong>Goal:</strong> Protect centralized core data and ensure continuous
            regulatory adherence.<br><strong>Action:</strong> Embed robust Data Governance and Security controls
            from day one. Implement role-based access and necessary security measures, highlighting the need to
            maintain global regulatory compliance (e.g., GDPR, CCPA) given the concentration of sensitive data in
            the cloud environment.</p>
        <p><strong>Integrate Intelligent Capabilities (AI-Ready
                Data):<br></strong><strong>Goal:</strong> Transform data into actionable insights and automate
            workflows.<br><strong>Action:</strong> Prepare your data to be <a href="""">“AI-ready.”</a>
            Adopt an ERP that leverages <strong>AI and Machine Learning</strong> for capabilities like predictive
            analytics (forecasting and anticipating supply chain disruptions) and Robotic Process Automation (RPA)
            for automating manual tasks (e.g., data entry, invoice processing).</p>

        <h3 class=""text-dark""><strong>Phase 3: Agile Execution and
                Continuous Improvement (The ‘How’)</strong></h3>
        <br>
        <p>To maintain a “future-ready” state, the implementation and
            operation of the ERP must be agile and iterative.</p>
        <p><strong>Adopt an Agile/Hybrid ERP Implementation
                Methodology:<br></strong><strong>Goal:</strong> Reduce risk, accelerate time-to-value, and ensure
            user alignment.<br><strong>Action:</strong> Move away from a rigid Waterfall approach. Utilize a
            <strong>phased or iterative deployment</strong> (Agile/Scrum), breaking the project into small,
            manageable <strong>sprints</strong>. This allows for early, frequent testing, gathering user feedback,
            and adapting to changing requirements without significant delays.
        </p>
        <p><strong>Focus on Change Management and Workforce
                Upskilling:<br></strong><strong>Goal:</strong> Drive high user adoption and build digital
            readiness.<br><strong>Action:</strong> Implement a robust <strong>Change Management strategy</strong>.
            Involve end-users, IT, and leadership early on. Provide role-based training and support to help the
            workforce adjust to new processes. A skilled team is essential for leveraging the full value of the ERP
            system.</p>
        <p><strong>Embed
                Customer-Centricity:<br></strong><strong>Goal:</strong> Use the ERP’s unified data to enhance
            customer experience.<br><strong>Action:</strong> Leverage the ERP’s ability to centralize customer data
            (often integrated with CRM) to provide a <strong>360-degree view</strong> of the customer. This enables
            personalized experiences, faster response times, and an improved end-to-end service journey.</p>
        <p><strong>Establish a Continuous Improvement
                Model:<br></strong><strong>Goal:</strong> Ensure the ERP system and processes evolve with the
            business.<br><strong>Action:</strong> Regularly monitor the defined KPIs and use real-time data from the
            ERP to assess performance. Establish a feedback loop for continuous iteration and improvement, ensuring
            the system remains aligned with new technologies and shifting market requirements.</p>

        <p>Culture makes or breaks a digital strategy. Future-ready
            organisations encourage experimentation, rapid learning and cross-functional collaboration. They scan
            the horizon for emerging technologies but adopt them selectively, running small pilots before scaling
            up. This mix of curiosity and discipline keeps them nimble even as the landscape changes.</p>

        <p>Becoming future-ready is not about predicting every technological
            shift, it is about building the agility to respond to them. A modern ERP-led digital strategy creates
            that foundation. By aligning business goals with technology, unifying data and processes, and embedding
            intelligence and adaptability into operations, organizations can stay resilient in the face of change.
            The most successful enterprises will be those that treat digital transformation not as a one-time
            initiative but as a continuous journey where the ERP evolves alongside the business to power innovation,
            efficiency, and growth.</p>

    </div>",,Nithiya Rajendiran,https://fltdymhjpiwnwltazqse.supabase.co/storage/v1/object/public/blog-images/blog-images/1765341836947-h7h6dn.jpeg,all,true,2025-11-26 04:44:07.214125+00,2025-12-11 10:11:41.829771+00
69515eb5-003d-4b04-a0d2-c08c91f858fd,ASP.Net MVC tutorial for creating AREAS as separate project,aspnet-mvc-tutorial-for-creating-areas-as-separate-project," <div class=""text-dark"">
       
      
        <p>Applications designed using the MVC Pattern separate the Model from Presentation and Business Layer. ASP.Net
            makes this logical separation to be implemented physically by creating folder structures
            in&nbsp;project&nbsp;as Models,&nbsp;Controllers&nbsp;and Views…</p>
        <p><strong>Introduction</strong></p>
        <p>Applications designed using the MVC Pattern separate the Model from Presentation and Business Layer. ASP.Net
            makes this logical separation to be implemented physically by creating folder structures
            in&nbsp;project&nbsp;as Models,&nbsp;Controllers&nbsp;and Views.</p>
        <p>An application many times contains&nbsp;large number&nbsp;of Controllers and Views, which makes it difficult
            to search and manage files. ASP.Net MVC provides a way to separate large applications into smaller units or
            functional grouping using Areas. An Area itself contains&nbsp;a MVC&nbsp;folder structure for adding
            controllers,&nbsp;models&nbsp;and views.</p>
        <p>For example, a website can contain two modules such as Blogs and Forum apart from the main site. The Blog and
            Forum modules can be created as two separate Areas within the same application. Thus enabling separation and
            grouping of functionalities within the Area.</p>
        <p>The complexity doesn’t stop here. At times we would require such separation in assembly level by having
            separate DLL for each&nbsp;Area,&nbsp;so that any changes can be done separately and deployed without the
            need for full site publish. Or we might want to add a new module to an existing MVC site which was deployed
            a year ago and we do not want to disturb the existing build.</p>
        <p>In such&nbsp;cases&nbsp;we could create a separate project for an Area and deploy it. Thus using the existing
            authentication,&nbsp;authorization&nbsp;and resources of the main site.</p>
        <p><strong>Steps for creating a separate project for an AREA in ASP.Net MVC</strong></p>
        <ol>
            <li>Right click on the project solution and add a new web application.</li>
            <li>Select “Empty” template for the new project and select “MVC” for core reference<br>
              
            </li>
            <li>Click OK to add the project into the solution</li>
            <li>Remove the folders and files which are marked in yellow from the project.<br>
             
            </li>
            <li>Comment / remove all the elements inside the “Configuration” element in web.config</li>
            <li>Add a new class file to the project and name it as “BlogAreaRegistration”</li>
            <li>Rename the namespace of the file to Main site namespace.</li>
            <li>Inherit the “AreaRegistration” base class from “System.Web.MVC” and implement the methods.<br>
              
            </li>
            <li>Right click and Edit the project properties, and navigate to “Build” Tab. Below two steps are optional
                and can be done manually.</li>
            <li>In the “Output” section, map the output path to the main site bin folder. This will place the DLL in the
                bin folder.<br>
           
            </li>
            <li>Navigate to “Build Events” Tab, and paste the following script in “Post-build event command line”. This
                would copy the required “Views” and place it under Main Site Area folder.<br>
               
            </li>
            <li>Add a new controller into Controller Folder and name it as “Home”.</li>
            <li>Add a “View” to the default Index action.<br>
           
            </li>
            <li>All set, now rebuild the project. On completion, you will be able to find the “Blog.dll” in the main
                project bin folder, and “Views” inside the main project Area folder.</li>
            <li>Run the main application and type in “blog” to navigate to blog module.<br>
             
            </li>
        </ol>
        <p>Using this approach, we have created a separate Area for “Blog” and plugged it&nbsp;in to&nbsp;the main site.
            You will also notice that Master Page / Layout page and other resources&nbsp;of&nbsp;the main website are
            been reused without duplicating, thus maintaining the look and feel of the site. Use this approach
            to&nbsp;modularise&nbsp;your code while making is relatively easier to maintain and enhance in the future.
        </p>
   
    </div>
",,Sathishkumar Mohan,https://fltdymhjpiwnwltazqse.supabase.co/storage/v1/object/public/blog-images/blog-images/1765343151768-7a69eo.jpeg,all,true,2016-11-30 05:06:13.299565+00,2025-12-11 10:31:18.699455+00
8cd20d7e-a4ef-4391-9e74-9b9a794aa6f3,The Importance of Proof of Concept (POC) in ERP Implementation,the-importance-of-proof-of-concept-poc-in-erp-implementation,"   <div class=""text-tark"">


         <h3 class=""text-dark""><strong>Introduction</strong>&nbsp;</h3>

        <br>

        <p>Investing in an ERP system is a monumental
            decision, with the potential to revolutionize operations—or become a costly misstep. A poorly implemented
            ERP system can lead to clunky data integration, misaligned processes, and significant financial regret. This
            is where the Proof of Concept (POC) phase becomes a game-changer, offering organizations a crucial testing
            phase to validate an ERP’s capabilities before full-scale deployment.&nbsp;</p>



      <h3 class=""text-dark""><strong>What is a Proof of
                Concept (POC)?</strong></h3>

<br>

        <p>A “Proof of Concept” phase in
            an ERP project is a preliminary exercise to test and validate the functionality, suitability, and
            effectiveness of an ERP solution within a specific organizational context. It provides a tangible
            demonstration of how the ERP system will work to meet business requirements, helping decision-makers assess
            its potential impact on their operations.<span style=""color: #000000;""><span class=""EOP SCXW180564517 BCX8""
                    data-ccp-props=""{}"">&nbsp;</span></span></p>



      <h3 class=""text-dark""><strong>Why POC is
                Vital in ERP Implementation</strong>&nbsp;</h3>

<br>
        <p><span>Implementing a new ERP is a significant financial and operational undertaking.
                A POC acts as a safety net, providing a controlled environment to test the ERP system’s functionality
                and alignment with business needs. Here’s how:&nbsp;</span><br><span style=""color: #000000;""><strong
                    style=""font-size: inherit;""> Testing with real-world
                    organizational data ensures the ERP ingests, processes, and manages transactional data accurately.
                    This safeguards data quality as the system scales. <br></span><strong> alt=""""
                width=""60"" height=""60"">Business Process Mapping:</strong> Many ERPs require customizations to
            fit specific business processes within their Business Process Mapping. A POC identifies process gaps
            early, reducing the risk of disruptive surprises later.&nbsp;</span><br
                data-rich-text-line-break=""true""><span style=""color: #000000;""><strong> alt="""" width=""60""
                    height=""60"">Stakeholder Buy-In: </strong>By allowing stakeholders to experience the ERP
                firsthand, a POC helps demonstrate the value of the system, securing their support and
                confidence.&nbsp;</span></p>


            <h3 class=""text-dark""><strong>Reducing Risks Through a
                POC</strong></h3>

        <br>

        <p><span class=""has-inline-color has-black-color"">A well-executed POC
                reduces risks associated with ERP implementation. For example, the Waste Management – <a
                    href=""https://www.linkedin.com/pulse/erp-implementations-failures-case-studies-edward-cardon-twzve/""
                    target=""_blank"" rel=""noreferrer noopener"">SAP</a> lawsuit in 2005—a $500 million debacle—underscores
                the dangers of skipping this phase. Unrealistic promises and untested features led to unmet expectations
                and costly legal consequences.&nbsp;</span></p>



        <p>By rigorously testing claims in a POC, businesses can:&nbsp;</p>



        <ol>
            <li>Validate alignment with unique industry specific needs&nbsp;</li>
            <li>Identify potential roadblocks early&nbsp;</li>
            <li>Save time and resources by addressing issues before full-scale deployment&nbsp;&nbsp;</li>
        </ol>
         <h3 class=""text-dark"">
            <strong>Common Misconceptions About POCs in ERP Implementation</strong>&nbsp;
        </h3>
        <p>While the importance of a POC
            is clear, there are some common misconceptions that may prevent organizations from embracing this crucial
            phase:&nbsp;</p>
        <p><strong>POCs Are an
                Unnecessary Expense:</strong> Some businesses perceive POCs as an additional cost that extends the
            project timeline. However, this short-term investment can prevent costly mistakes during full-scale
            deployment, ultimately saving both time and money.&nbsp;</p>
        <p><strong>POCs Are Only for
                Large Enterprises:</strong> There is a general assumption that only large corporations need to worry
            about a POC. But businesses of all sizes can benefit from testing an ERP system with real-world data to
            ensure it aligns with their specific needs, whether they are in manufacturing, retail, or any other
            industry.&nbsp;</p>
        <p><strong>POCs Are Just About
                Technical Testing:</strong> A POC is not only about testing system performance or technical features. It
            is about understanding the ERP’s ability to integrate with your business workflowsprocess, meet stakeholder
            expectations, and scale as needed. A holistic approach to the POC ensures long-term success.&nbsp;</p>
        <p><strong>POCs Delay
                Implementation:</strong> Some organizations avoid a POC because they believe it will delay their ERP
            implementation. However, skipping this phase can result in a rushed, error-prone deployment resulting in
            much bigger issues like end-user resistance to the new system and poor adoption. By conducting a POC,
            organizations are likely to identify issues early, which leads to a faster and smoother full-scale
            implementation</p>
           <h3 class=""text-dark""><strong>The Future of
                POCs in ERP Implementation</strong>&nbsp;</h3>
        <br>
        <p><span style=""color: #000000;"">As technology continues to evolve, so will the role of POCs in ERP
                implementations. Several emerging trends suggest that the future of POCs will be more dynamic and
                integrated into the overall ERP adoption process:<br></span></p>
        <p><span style=""color: #000000;""><b><span style=""color: #000000;"">AI and Machine Learning
                        Integration:</span></b> The
                incorporation of AI and machine learning into ERP systems means that POCs will need to test the ERP’s
                ability to handle predictive analytics, real-time decision-making, and adaptive automation. This will be
                particularly important in sectors like retail, logistics, and manufacturing, where speed and accuracy
                are critical. Cloud-based ERP providers like <span style=""color: #3366ff;""><a style=""color: #3366ff;""
                        href=""https://www.epicor.com/en/"">Epicor</a>, <a style=""color: #3366ff;""
                        href=""https://blog.rheincs.com/erp-comparison-epicor-vs-sap/"">SAP</a>, <a
                        style=""color: #3366ff;""
                        href=""https://blog.rheincs.com/epicor-vs-netsuite-differences-in-overheads/"">Oracle</a>, and <a
                        style=""color: #3366ff;""
                        href=""https://blog.rheincs.com/epicor-erp-vs-microsoft-dynamics-365-a-detailed-comparison/"">Microsoft
                        Dynamics</a></span> are integrating AI-driven functionalities into their offerings, which means
                POCs will increasingly need to test these complex AI-based systems.&nbsp;<br><b
                    style=""font-size: inherit;"">Cloud-Based ERPs:</b><span style=""font-size: inherit;""> With more organizations
                    adopting cloud based ERP solutions, POCs will play a critical role in testing the system’s
                    performance, scalability, and integration with existing infrastructure. Cloud systems often offer
                    greater flexibility, but it is essential to ensure they can seamlessly support unique business
                    workflows processes and security requirements.&nbsp; <br></span><b style=""font-size: inherit;"">Advanced User Experience Testing:</b><span style=""font-size: inherit;"">
                    As the user interface (UI) of ERP systems becomes increasingly sophisticated, POCs will need to
                    include user experience (UX) testing. This will involve evaluating whether the ERP system is
                    intuitive for employees and if it can reduce training time and increase adoption
                    rates.&nbsp;<br></span><b>Shortened POC Cycles:</b> As the speed of business accelerates, POC testing will
                become more streamlined. Organizations may leverage advanced simulation tools or agile methodologies to
                conduct rapid tests and implement improvements faster. This will make it easier for businesses to
                quickly assess an ERP’s capabilities and make necessary adjustments.&nbsp;</span></p>


             <h3 class=""text-dark""><strong>Real-Life Example: POC
                in Action</strong></h3>
        <br>
        <p style=""text-align: left;""><span data-contrast=""auto""><span style=""color: #000000;"">Consider a</span> <a
                    href=""https://blog.rheincs.com/whats-next-for-erp-in-global-markets-explore-the-mind-blowing-trends-and-revolutionary-innovations-to-watch/"">manufacturing
                    company</a> <span style=""color: #000000;"">looking to implement an ERP system to improve inventory
                    management. During the POC, the organization tests the system’s ability to track inventory
                    levels</span></span><span style=""color: #000000;""> based on MRP driven demand, automate reorder
                points, and integrate with existing supply chain processes. By identifying and addressing gaps during
                the POC, the company ensures a smoother and more effective implementation.&nbsp;</span></p>
        <p style=""text-align: left;""><span style=""color: #000000;"">A POC is more than just a testing phase; it is a
                strategic investment in the success of your ERP system. By validating the system’s performance with
                actual processes and data, a POC ensures alignment with business needs, fosters stakeholder confidence,
                and mitigates costly risks. When embarking on an ERP journey, conducting a Proof of Concept should be a
                top priority. Don’t let misconceptions or fears of delays prevent you from exploring the benefits of a
                POC. Embrace it as an essential part of your ERP implementation process and set your organization up for
                long-term success. A POC phase is much more likely to save time and ensure successful ERP
                implementation.&nbsp;</span></p>
        <p style=""text-align: left;""><span data-contrast=""auto""><span style=""color: #000000;"">At</span> <a
                    href=""https://www.rheincs.com/"">RheinBrücke</a>, <span style=""color: #000000;"">we ensure the success
                    of your ERP implementation through our proven SCALE methodology. This right-sized framework is
                    designed to meet the unique needs of your organization, incorporating standardized tools, processes,
                    steps, and templates.&nbsp; Ready to transform your ERP implementation?</span> <a
                    href=""https://www.rheincs.com/contact-us"">Contact us</a> <span style=""color: #000000;"">today to
                    learn how our SCALE methodology can safeguard your investment and drive your
                    success.</span></span><span style=""color: #000000;"">&nbsp;</span></p>
    </div>",,Pavithra Gunasekaran,https://fltdymhjpiwnwltazqse.supabase.co/storage/v1/object/public/blog-images/blog-images/1765342939599-bhj5vw.jpeg,all,true,2025-01-30 05:02:59.270483+00,2025-12-11 10:29:12.552103+00
9739850a-174b-4ac3-973a-cb0c02c16253,How Generative AI Is Reshaping B2B Digital Transformation in 2026,how-generative-ai-is-reshaping-b2b-digital-transformation-in-2026,"   <div class=""text-dark"">

        <p>In today’s hyper-competitive B2B landscape, digital transformation is
            no longer optional, it is critical for survival. Enterprises are grappling with complex supply chains,
            fragmented customer experiences, and an overwhelming influx of data. Forward-looking enterprises realize
            that Generative AI is now central to survival and innovation, not simply a technology upgrade.</p>
<div class=""ser-btn2 m-auto text-center""><a class=""animated-svg-link1 btn-style-3"" href=""/contact/"">Contact Us<span class=""svg-container ""><span class="" left""><svg width=""24"" height=""23"" viewBox=""0 0 24 23"" fill=""none"" xmlns=""http://www.w3.org/2000/svg""><circle class=""dot"" opacity=""0.5"" cx=""16.0004"" cy=""4.79995"" r=""1.6"" fill=""#535353""></circle><circle class=""dot"" opacity=""0.5"" cx=""12.7992"" cy=""1.6"" r=""1.6"" fill=""#535353""></circle><circle class=""dot"" opacity=""0.5"" cx=""22.4008"" cy=""11.2"" r=""1.6"" fill=""#535353""></circle><circle class=""dot"" opacity=""0.5"" cx=""1.6"" cy=""11.2"" r=""1.6"" fill=""#535353""></circle><circle class=""dot"" opacity=""0.5"" cx=""6.40078"" cy=""11.2"" r=""1.6"" fill=""#535353""></circle><circle class=""dot"" opacity=""0.5"" cx=""11.1996"" cy=""11.2"" r=""1.6"" fill=""#535353""></circle><circle class=""dot"" opacity=""0.5"" cx=""16.0004"" cy=""11.2"" r=""1.6"" fill=""#535353""></circle><circle class=""dot"" opacity=""0.5"" cx=""19.1996"" cy=""14.4"" r=""1.6"" fill=""#535353""></circle><circle class=""dot"" opacity=""0.5"" cx=""16.0004"" cy=""17.6"" r=""1.6"" fill=""#535353""></circle><circle class=""dot"" opacity=""0.5"" cx=""12.7992"" cy=""20.8"" r=""1.6"" fill=""#535353""></circle><circle class=""dot"" opacity=""0.5"" cx=""19.1996"" cy=""8.00002"" r=""1.6"" fill=""#535353""></circle></svg></span></span></a></div>
<br/>
       <h3 class=""text-dark"">
            <strong>Generative AI: The Cornerstone of Transformation</strong>
        </h3>
<br>
        <p>Generative <a href=""https://blog.rheincs.com/7-game-changing-benefits-of-ai-and-automation-in-erp/"">AI</a>
            has emerged
            as a powerful enabler of transformation, helping businesses automate processes, make smarter decisions, and
            deliver highly personalized customer interactions.</p>

        <p>Leading market research from McKinsey, <a href=""https://www.gartner.com/en"">Gartner</a>, EY, KPMG, and
            Kearney shows that companies integrating
            Generative AI into their digital strategies are already achieving outsized advantages. Yet, many are still
            stuck at the experimentation phase, risking being left behind.</p>
              <h3 class=""text-dark""><strong>The
                Generative AI-Driven Transformation Process</strong></h3>
<br>
        <div id=""ez-toc-container""
            class=""ez-toc-v2_0_46 counter-hierarchy ez-toc-counter ez-toc-grey ez-toc-container-direction"">
            <div class=""ez-toc-title-container"">
                <p class=""ez-toc-title"">Table of Contents</p>
                <span class=""ez-toc-title-toggle""></span>
            </div>
            <nav>
                <ul class=""ez-toc-list ez-toc-list-level-1 "">
                    <li class=""ez-toc-page-1 ez-toc-heading-level-3""><a class=""ez-toc-link ez-toc-heading-1""
                            href=""#Define_Clear_Business_Objectives"" title=""Define Clear Business Objectives"">Define
                            Clear Business Objectives</a></li>
                    <li class=""ez-toc-page-1 ez-toc-heading-level-3""><a class=""ez-toc-link ez-toc-heading-2""
                            href=""#Break_Data_Silos_for_Real-Time_Insights""
                            title=""Break Data Silos for Real-Time Insights"">Break Data Silos for Real-Time Insights</a>
                    </li>
                    <li class=""ez-toc-page-1 ez-toc-heading-level-3""><a class=""ez-toc-link ez-toc-heading-3""
                            href=""#Automate_Core_Business_Operations"" title=""Automate Core Business Operations"">Automate
                            Core Business Operations</a></li>
                    <li class=""ez-toc-page-1 ez-toc-heading-level-3""><a class=""ez-toc-link ez-toc-heading-4""
                            href=""#Reimagine_Customer_Experience"" title=""Reimagine Customer Experience"">Reimagine
                            Customer Experience</a></li>
                    <li class=""ez-toc-page-1 ez-toc-heading-level-3""><a class=""ez-toc-link ez-toc-heading-5""
                            href=""#The_Cost_of_Delay"" title=""The Cost of Delay"">The Cost of Delay</a></li>
                </ul>
            </nav>
        </div>
       <h3 class=""text-dark""><span></span><strong>Define Clear Business Objectives</strong><span></span></h3>
<br>
        <p>Successful Generative AI adoption begins by aligning capabilities to
            measurable business outcomes – whether it’s accelerating revenue growth, speeding up decision-making, or
            enhancing customer satisfaction.</p>
        <p>Companies with well-defined objectives see the greatest ROI from AI
            investments – each dollar spent can generate $3.70 in value according to recent studies.&nbsp;</p>
       <h3 class=""text-dark""><span></span><strong>Break Data Silos for Real-Time Insights</strong><span
                class=""ez-toc-section-end""></span></h3>
<br>
        <p>GenAI breaks down silos, integrating data streams from <a href="""">ERP</a>, CRM, supply
            chain, and operations into a unified dashboard.</p>
        <p>This enables businesses to transition from reactive decision-making to
            a predictive, proactive approach, forecasting market trends, optimizing pricing strategies, and identifying
            emerging risks before they impact the bottom line.</p>
       <h3 class=""text-dark""><span></span><strong>Automate Core Business Operations</strong><span></span></h3>
        <p>Leading industry studies highlight that automating key processes such
            as inventory management, order processing, and service workflows; drives significant gains in operational
            efficiency, accuracy, and cost reduction up to 25%.</p>
        <p>Generative AI frees teams from repetitive tasks, empowering them to
            focus on high-value strategic activities that directly contribute to business growth.</p>
       <h3 class=""text-dark""><span></span><strong>Reimagine Customer Experience</strong><span class=""ez-toc-section-end""></span></h3>
<br>
        <p>As customer expectations in B2B markets evolve, personalized and
            real-time interactions have become a baseline expectation.</p>
        <p>Generative AI tools like virtual assistants, predictive service
            suggestions, and automated support enable businesses to deliver seamless, highly responsive customer
            experiences, boosting loyalty and competitive differentiation</p>
       <h3 class=""text-dark""><span class=""ez-toc-section""></span><strong>The Cost of Delay</strong><span
                class=""ez-toc-section-end""></span></h3>
        <p>According to McKinsey, over 70% of AI projects fail due to poor
            strategy and integration missteps. But in 2026, inaction is an even greater risk.<br><br>Businesses that
            postpone Generative AI adoption are widening the competitive gap, losing agility, market share, and
            relevancy to faster-moving competitors.</p>
             <h3 class=""text-dark""><strong>Why 2026 Is the Tipping
                Point</strong></h3>
<br>
        <p>Generative AI is rapidly moving from pilot projects to core business
            capability.</p>
        <p>Strategic adoption powers:</p>
        <ul>
            <li>Make faster, smarter decisions with predictive insights</li>
            <li>Automate operations for greater efficiency</li>
            <li>Deliver personalized customer experiences at scale</li>
        </ul>
        <p>Waiting increases the risk of falling behind in an increasingly
            digital economy.</p>
       <h3 class=""text-dark"">
            <strong>Future-Proofing B2B Success with Generative AI</strong>
        </h3>
<br>
        <p>Generative AI is not just a technological upgrade, it is a fundamental
            shift in <a href="""">how
                B2B organizations</a> operate, compete, and grow. By embedding AI-driven processes, intelligent
            automation, and real-time decision-making into the business core, enterprises are transforming uncertainty
            into opportunity.</p>
        <p>The time to act is now.<br><br>Forward-looking companies are already
            leveraging Generative AI to unlock smarter decisions, enhanced efficiency, and more personalized customer
            experiences.</p>
        <p>At <a href="""">RheinBrücke</a>,
            we work alongside B2B leaders to translate this opportunity into real-world outcomes guiding strategy,
            ensuring seamless implementation, and enabling lasting business impact.</p>
        <p>Reference link: <a
                href=""https://www.amplifai.com/blog/generative-ai-statistics"">https://www.amplifai.com/blog/generative-ai-statistics</a><br><a
                href=""https://www.imd.org/blog/digital-transformation/emerging-technologies/"">https://www.imd.org/blog/digital-transformation/emerging-technologies/</a><br><a
                href=""https://meetanshi.com/blog/generative-ai-statistics/"">https://meetanshi.com/blog/generative-ai-statistics/</a>
        </p>
    </div>",,Nithiya Rajendiran,https://fltdymhjpiwnwltazqse.supabase.co/storage/v1/object/public/blog-images/blog-images/1765342100339-snjlh.jpeg,all,true,2025-10-26 04:48:30.818686+00,2025-12-11 10:25:34.024342+00
a6fdf5f2-13b4-43a4-ae0f-e7b5543628f6,ERP Comparison – Epicor ERP vs SAP ERP,erp-comparison-epicor-erp-vs-sap-erp,"  <div class=""text-dark"">


             <h3 class=""text-dark""><span style=""color: #082326;""><strong>How to select the best ERP software?</strong></span></h3> <br>
        <p>Businesses today identify ERP systems as one of the critical IT investments to equip their business with
            capabilities to meet the fast-changing needs of customers. But, the ERP software market today is saturated
            with solutions from numerous vendors offering a host of features and with different pricing models coming at
            different price points. It is not surprising why anybody looking to implement an ERP system for their
            business gets lost in the wide array of options to choose from. In this situation, the&nbsp;<span
                class=""NormalTextRun  BCX8 SCXW143827614"">selection of</span><span
                class=""NormalTextRun  BCX8 SCXW143827614""> an ERP</span>&nbsp;system that best suits your business needs
            is more difficult than ever.</p>
        <p>Although most of the systems offer similar range features, you will note a considerable variance within the
            actual feature set as well as the difference in other areas like Cost of ownership, implementation cost,
            time for implementation, ease of use, advanced functionalities and technology used, etc. These factors can,
            in fact, make a lot of difference in the benefits you get from an ERP system. Comparing the features of
            shortlisted ERP systems and weighing them with your business needs and constraints, and making trade-offs is
            the best way to go about <span style=""text-decoration: underline;""><span style=""color: #082326;""><a
                        style=""color: #082326; text-decoration: underline;"" href="""">Choosing
                        the right ERP</a></span></span> for your business.</p>
        <p>For mid-sized to large organizations looking to implement an ERP system with robust features, <span
                style=""text-decoration: underline;""><span style=""color: #082326; text-decoration: underline;""><a
                        style=""color: #082326; text-decoration: underline;"" href="""">SAP</a></span></span>
            and <span style=""text-decoration: underline;""><span style=""color: #082326;""><a
                        style=""color: #082326; text-decoration: underline;"" href="""">Epicor</a></span></span>
            turn out to be ideal candidates, both coming with a rich feature set and experience in the ERP industry.</p>
        <p>Both systems prove to be strong contenders with comprehensive features and advanced underlying technologies.
            They allow users to benefit from the latest technologies like Artificial Intelligence, Social Collaboration
            and Business Intelligence to gain valuable insights and enable better decision making. All this said, it is
            quite tough to choose between the two vendors. In this blog, we help you make this decision by pointing out
            the major differences between the products from SAP and Epicor so that you can confidently choose the ideal
            solution for your organization.</p>
              <h3 class=""text-dark""><span style=""color: #082326;""><strong>SAP</strong></span></h3> <br>
        <p><span style=""color: #082326;""><a style=""color: #082326;"" href=""""><span
                        style=""text-decoration: underline;"">SAP</span></a></span> is the largest player in the global
            ERP market with more than 25% market share. It is a leader in the <span
                style=""text-decoration: underline;""><span style=""color: #082326;""><a
                        style=""color: #082326; text-decoration: underline;"" href="""">2017 ERP
                        technology Value Matrix by Nucleus Research</a></span></span>. SAP offers three distinct
            products:</p>
        <p><strong>SAP S/4 HANA&nbsp;</strong>–&nbsp; The solution from SAP for large enterprises.</p>
        <p><strong>SAP Business One</strong>&nbsp;– SAP’s product for small and mid-sized businesses. While SAP</p>
        <p><strong>SAP Business ByDesign&nbsp;</strong>– The multi-tenant cloud solution for mid-size enterprises.</p>
        <p>All three SAP ERP systems offer in-depth solutions to customers with comprehensive functionalities. It has
            modules for streamlining your various business processes including financial management, human resource
            management, sales, operations, supply chain management, and customer relationship management.</p>
        <p>While SAP S4/HANA solutions offer on-premise and cloud deployments, SAP Business ByDesign is designed for the
            cloud.</p>
        <p>One of the greatest strengths of SAP systems worth mentioning is the underlying SAP HANA database that is
            used in its products, which allows for complex and robust business analytics faster.</p>
            <h3 class=""text-dark""><span style=""color: #082326;""><strong>Epicor</strong></span></h3> <br>
        <p>Epicor is a mid-tier ERP system catering to mid-size and large businesses. It has been Positioned as a <span
                style=""text-decoration: underline;""><span style=""color: #082326;""><a
                        style=""color: #082326; text-decoration: underline;"" href="""">Visionary
                        in the Gartner Magic Quadrant</a></span></span> for Cloud ERP for Product-Centric Midsize
            Enterprises. Additionally, Epicor received the highest score in the ERP Functionality use case in&nbsp;
            <span style=""text-decoration: underline;""><span style=""color: #082326;""><a
                        style=""color: #082326; text-decoration: underline;"" href="""">Gartner’s
                        Critical Capabilities report</a></span></span> for Cloud ERP for Product-Centric Midsize
            Enterprises and <span style=""text-decoration: underline;""><span style=""color: #082326;""><a
                        style=""color: #082326; text-decoration: underline;"" href="""">Panroma
                        Consulting’s</a></span></span>&nbsp; 2017
            ERP report identifies it as the top performer in the midmarket.
        </p>
        <p>Epicor too has a very rich feature set that enables
            enterprises to streamline their business processes and scale as the business grows.&nbsp; It is a
            future-ready ERP system enabling businesses to leverage the latest technologies like IoT, AI, Big Data, and
            analytics to keep in pace with the current industry trends.</p>
        <p>Epicor’s partnership with Microsoft to standardize cloud deployments on Microsoft Azure empowers its
            customers to drive faster growth and innovation as they move to the cloud and digitally transform their
            businesses.</p>
        <p>Epicor offers you the flexibility of deployment on-premise, hosted, or as a cloud-based SaaS. Unlike other
            vendors, Epicor comes with similar capabilities and features for cloud and on-premise deployment options.
            This allows customers to leverage all the features, flexibility, and customization capabilities offered by
            the system irrespective of the deployment option.</p>
           <h3 class=""text-dark""><span style=""color: #082326;""><strong>Epicor ERP vs SAP ERP</strong></span></h3> <br>
        <p>Choosing between the two vendors can become quite challenging with a very similar feature set from both the
            vendors and the significant strengths each of their products have.</p>
        <p>However, we have evaluated the features of the products and various other factors to help you determine which
            ERP solution is the best for your organization.</p>
        <p>For medium-sized organizations, the choice would be Epicor or SAP Business One or SAP Business ByDesign and
            for larger enterprises, the choices would be between Epicor and SAP S4/HANA.</p>
        <p>Find below a comparison table for&nbsp;<strong>Epicor</strong>,&nbsp;<strong>SAP Business One, SAP Business
                ByDesign</strong>&nbsp;and&nbsp;<strong>SAP S4/HANA</strong>.</p>

        <h1><span style=""color: #082326;""><strong>Epicor vs SAP- Who wins?</strong></span></h1>
        <p>Based on the comparison table above, Epicor becomes a clear winner for mid-size to large organizations based
            on the below factors:</p>
        <div id=""ez-toc-container""
            class=""ez-toc-v2_0_46 counter-hierarchy ez-toc-counter ez-toc-grey ez-toc-container-direction"">
            <div class=""ez-toc-title-container"">
                <p class=""ez-toc-title"">Table of Contents</p>
                <span class=""ez-toc-title-toggle""></span>
            </div>
            <nav>
                <ul class=""ez-toc-list ez-toc-list-level-1 "">
                    <li class=""ez-toc-page-1 ez-toc-heading-level-3""><a class=""ez-toc-link ez-toc-heading-1"" href=""""
                            title=""1. Cost of ownership"">1. Cost of ownership</a></li>
                    <li class=""ez-toc-page-1 ez-toc-heading-level-3""><a class=""ez-toc-link ez-toc-heading-2"" href=""""
                            title=""2. License Model"">2. License Model</a></li>
                    <li class=""ez-toc-page-1 ez-toc-heading-level-3""><a class=""ez-toc-link ez-toc-heading-3"" href=""""
                            title=""3. Scalability"">3. Scalability</a></li>
                    <li class=""ez-toc-page-1 ez-toc-heading-level-3""><a class=""ez-toc-link ez-toc-heading-4"" href=""""
                            title=""4. User Experience"">4. User Experience</a></li>
                    <li class=""ez-toc-page-1 ez-toc-heading-level-3""><a class=""ez-toc-link ez-toc-heading-5"" href=""""
                            title=""5. Ease of customization"">5. Ease of
                            customization</a></li>
                    <li class=""ez-toc-page-1 ez-toc-heading-level-3""><a class=""ez-toc-link ez-toc-heading-6"" href=""""
                            title=""6. Features and Functionality"">6. Features and
                            Functionality</a></li>
                    <li class=""ez-toc-page-1 ez-toc-heading-level-3""><a class=""ez-toc-link ez-toc-heading-7"" href=""""
                            title=""7. Payback time/ ROI"">7. Payback time/ ROI</a></li>
                    <li class=""ez-toc-page-1 ez-toc-heading-level-3""><a class=""ez-toc-link ez-toc-heading-8"" href=""""
                            title=""8. Implementation Time"">8. Implementation Time</a></li>
                </ul>
            </nav>
        </div>
        <h3><span class=""ez-toc-section"" id=""1_Cost_of_ownership""
                ez-toc-data-id=""#1_Cost_of_ownership""></span><strong><span style=""color: #082326;"">1. Cost of
                    ownership</span></strong><span class=""ez-toc-section-end""></span></h3>
        <p>For SAP Business One, although the initial cost of ERP implementations is low, the maintenance costs are very
            high, thus making its cost of ownership higher than Epicor over time.</p>
        <p>In the case of larger organizations, SAP S4/HANA is undoubtedly much costlier than Epicor with high
            implementation costs, customization cost, and maintenance cost.</p>
        <p>The renewal costs for SAP products usually are very high, as any discounts applied during the implementation
            would not be considered during renewal and users may incur a price hike of up to 100%.</p>
        <h3><span class=""ez-toc-section"" id=""2_License_Model"" ez-toc-data-id=""#2_License_Model""></span><strong><span
                    style=""color: #082326;"">2. License Model</span></strong><span class=""ez-toc-section-end""></span>
        </h3>
<br>
        <p>SAP offers a Named Users based license model which allows only named users to access the software.</p>
        <p>Epicor on the other hand offers a Concurrent User based license model, in which the license is based on the
            number of users using the system at any point of time irrespective of who they are. This allows you to share
            the license with a group of people effectively. Organizations can take advantage of this model to share the
            license between people working in different time zones or shifts effectively. It can bring in significant
            savings on your license cost.</p>
        <h3><span class=""ez-toc-section"" id=""3_Scalability"" ez-toc-data-id=""#3_Scalability""></span><strong><span
                    style=""color: #082326;"">3. Scalability</span></strong><span class=""ez-toc-section-end""></span></h3>
<br>
        <p>With SAP offering three different products for organizations based on their size, and deployment options,
            scalability is quite limited for the lower-end product. As your business grows, you may have to switch to
            their other products. On the other hand, Epicor offers a single solution for businesses of all sizes
            allowing your system to scale as your organization grows without having to upgrade to a different product.
        </p>
        <h3><span class=""ez-toc-section"" id=""4_User_Experience"" ez-toc-data-id=""#4_User_Experience""></span><strong><span
                    style=""color: #082326;"">4. User Experience</span></strong><span class=""ez-toc-section-end""></span>
        </h3>
<br>
        <p>Epicor 10 comes with <span style=""text-decoration: underline;""><span style=""color: #082326;""><a
                        style=""color: #082326; text-decoration: underline;"" href=""h"">an intuitive interface that is very
                        easy
                        to use</a></span></span> and thus making end-user adoption easier with less training.</p>
        <p>SAP products, on the other hand, have a <span style=""text-decoration: underline; color: #082326;""><a
                    style=""color: #082326; text-decoration: underline;"" href="""">complex interface</a></span> making your
            transition to the new ERP system more time-consuming and exhaustive.</p>
        <h3><span class=""ez-toc-section"" id=""5_Ease_of_customization""
                ez-toc-data-id=""#5_Ease_of_customization""></span><strong><span style=""color: #082326;"">5. Ease of
                    customization</span></strong><span class=""ez-toc-section-end""></span></h3>
<br>
        <p>Epicor offers great flexibility with easy customization to meet your specific business needs if any.</p>
        <p>SAP products too allow for extensive customization, but is more complex and time-consuming, with higher
            customization costs. It requires good ABAP knowledge and requires rigorous testing demanding more man-hours
            and expertise. However, the cloud solutions for SAP Business One and SAP S4/HANA comes with restricted
            customization capabilities and flexibility as they are limited versions of their original on-premise
            solutions.</p>
        <h3><span class=""ez-toc-section"" id=""6_Features_and_Functionality""
                ez-toc-data-id=""#6_Features_and_Functionality""></span><strong><span style=""color: #082326;"">6. Features
                    and Functionality</span></strong><span class=""ez-toc-section-end""></span></h3>
<br>
        <p>With respect to features and functionalities, the SAP products and Epicor offers very strong and almost
            similar features.</p>
        <p>But SAP Business One&nbsp;<span style=""text-decoration: underline;""><span style=""color: #082326;""><a
                        style=""color: #082326; text-decoration: underline;"" href="""">depends on a
                        lot of add on third party components</a></span></span>&nbsp;to provide a full solution for
            customers. Whereas Epicor has all the components built-in right from CRM to business intelligence, making it
            a more viable option.</p>
        <p>Also, the focus of SAP continues to be SAP S4/HANA, and they are investing more in this product for more new
            functionalities, and capabilities feature making SAP Business One/ SAP Business ByDesign less viable
            products.</p>
        <p>However, the SAP products have <span style=""text-decoration: underline;""><span style=""color: #082326;""><a
                        style=""color: #082326; text-decoration: underline;"" href="""">stronger
                        business analytics reporting</a></span></span> capabilities owing to their underlying SAP HANA
            platform.</p>
        <p>But, with respect to Industry-specific functionalities, Epicor outperforms SAP products. With <span
                style=""text-decoration: underline;""><span style=""color: #082326;""><a
                        style=""color: #082326; text-decoration: underline;"" href="""">strong
                        expertise in manufacturing</a></span></span> vertical practices with features and
            functionalities tailored to meet needs for businesses under each vertical including Machinery, metal
            fabrication, Plastics and Rubber, Cable Manufacturing, Construction &amp; EPC, Interior Design, Life
            Sciences/Pharma, Distribution, Retail, Hospitality, Oil and Gas, Field Services, etc.</p>
        <p>The industry-specific functionalities eliminate or minimize customizations needed, saving you quite a lot of
            bucks. It also allows your enterprise system to align better with your industry trends and manage the
            processes more efficiently.</p>
        <p>Epicor also outperforms SAP Business One for <span style=""text-decoration: underline;""><span
                    style=""color: #082326; text-decoration: underline;""><a
                        style=""color: #082326; text-decoration: underline;"" href="""">financial
                        and HR management</a></span></span> with much strong capabilities. The financial reporting tool
            in SAP Business One is not robust with a lack of payroll module, and particularly, the taxing and tax
            exemptions are not strong.</p>
        <p>SAP products also lack a viable cloud strategy by offering a limited version of its on-premise solutions on
            the cloud. The cloud-options for SAP Business One and SAP S4/HANA have restricted functionalities whereas
            Epicor offers the same feature set for on-premise and on-cloud deployment options.</p>
        <h3><span class=""ez-toc-section"" id=""7_Payback_time_ROI""
                ez-toc-data-id=""#7_Payback_time_ROI""></span><strong><span style=""color: #082326;"">7. Payback time/
                    ROI</span></strong><span class=""ez-toc-section-end""></span></h3>
<br>
        <p>Due to the considerably lower cost of ownership, Epicor has a faster payback time and higher Return On
            Investment. It offers a comprehensive feature-set that allows businesses to enjoy all the benefits of
            implementing an ERP at the best cost when compared to SAP products which have an overall higher cost of
            ownership.</p>
        <p>Although the implementation cost of SAP Business One and SAP Business ByDesign may be lower, they have a very
            high maintenance cost. SAP users usually end up paying a hefty price for maintenance and support after
            implementation, thereby increasing the overhead costs to keep the system running efficiently.</p>
        <h3><span class=""ez-toc-section"" id=""8_Implementation_Time""
                ez-toc-data-id=""#8_Implementation_Time""></span><strong><span style=""color: #082326;"">8. Implementation
                    Time</span></strong><span class=""ez-toc-section-end""></span></h3>
<br>
        <p>The time required for implementation varies depending on the organization size, customizations needed, and
            the deployment option.</p>
        <p>However, the implementation of SAP products usually tends to be more complex and time-consuming compared to
            Epicor implementation. Epicor uses <span style=""text-decoration: underline;""><span
                    style=""color: #082326;""><a style=""color: #082326; text-decoration: underline;"" href="""">Epicor
                        Signature Methodology</a></span></span>&nbsp;which considerably reduces the implementation time
            compared to any other ERP solution.</p>
           <h3 class=""text-dark""><strong><span style=""color: #082326;"">Wrap Up</span></strong></h3> <br>
        <p><iframe
                title=""Top ERP Solutions in 2023 | Epicor ERP vs SAP ERP | ERP Comparisons | Best ERP Software | ERP Review""
                width=""640"" height=""360""
                src=""https://www.youtube.com/embed/G6BAKxtGLL4?feature=oembed&amp;enablejsapi=1&amp;origin=https://blog.rheincs.com""
                frameborder=""0""
                allow=""accelerometer; autoplay; clipboard-write; encrypted-media; gyroscope; picture-in-picture; web-share""
                allowfullscreen="""" data-lf-form-tracking-inspected-yn8j1xymlyaxw0rk=""true""
                data-lf-yt-playback-inspected-yn8j1xymlyaxw0rk=""true""
                data-lf-vimeo-playback-inspected-yn8j1xymlyaxw0rk=""true""></iframe></p>
        <p>Considering the above facts, SAP Business One can be an ideal choice for small businesses with a number of
            users ranging from 5-200, while Epicor becomes a better choice for medium-sized businesses to large
            businesses owing to more flexible deployment options and comprehensive features set at the best cost giving
            you better return on investments.</p>
        <p>Considering the huge cost of ownership and complexity, SAP S4/HANA is designed for extremely large
            enterprises with many departments and global locations requiring more complex processing, and who have the
            capital and infrastructure to support the complex system. For medium to large businesses looking for an
            optimal solution, SAP S4/HANA might become too massive, and you may end up stuck with an unnecessarily
            complex software for a huge price.</p>
        <p>The choice of SAP vs Epicor ultimately depends on what you want from your ERP system and your goals.&nbsp;
            After all, each business has different needs. But to make the most from your ERP investments, <span
                style=""text-decoration: underline;""><span style=""color: #082326;""><a
                        style=""color: #082326; text-decoration: underline;"" href="""">ensure
                        you make the right choice</a></span></span>.</p>
        <p><span data-contrast=""none"">You can also refer to the user reviews from sites like G2, Gartner peer
                insights.</span><span
                data-ccp-props=""{&quot;201341983&quot;:0,&quot;335559739&quot;:160,&quot;335559740&quot;:259}"">&nbsp;</span>
        </p>
        <p><span data-contrast=""none"">Epicor ERP reviews –&nbsp;</span><span style=""text-decoration: underline;""><span
                    style=""color: #082326; text-decoration: underline;""><a
                        style=""color: #082326; text-decoration: underline;"" href="""">G2</a></span></span><strong>,
            </strong><span style=""text-decoration: underline;""><span style=""color: #082326;""><a
                        style=""color: #082326; text-decoration: underline;"" href="""">Gartner
                        Peer Insights</a></span></span></p>
        <p><span data-contrast=""none"">SAP ERP Reviews –&nbsp;</span><span
                style=""text-decoration: underline; color: #082326;""><a
                    style=""color: #082326; text-decoration: underline;"" href="""">G2</a></span><strong>, </strong><span
                style=""text-decoration: underline; color: #082326;""><a
                    style=""color: #082326; text-decoration: underline;"" href="""">Gartner
                    Peer Insights</a></span></p>
        <p>If you are still unsure of choosing the right ERP for your business,&nbsp;<span
                style=""text-decoration: underline;""><span style=""color: #082326; text-decoration: underline;""><a
                        style=""color: #082326; text-decoration: underline;"" href="""">talk
                        to our team of experts</a></span></span>&nbsp;or download our ERP comparison white paper
            on&nbsp;<span style=""text-decoration: underline; color: #082326;""><a
                    style=""color: #082326; text-decoration: underline;"" href="""">choosing
                    the right ERP for your business</a></span>. We at&nbsp;<span
                style=""text-decoration: underline;""><span style=""color: #082326; text-decoration: underline;""><a
                        style=""color: #082326; text-decoration: underline;"" href="""">RheinBrücke</a>,</span></span>
            provide ERP implementation, maintenance, and support services to clients globally on&nbsp;<span
                style=""text-decoration: underline; color: #082326;""><a
                    style=""color: #082326; text-decoration: underline;"" href="""">Epicor</a></span>&nbsp;and&nbsp;<span
                style=""text-decoration: underline;""><span style=""color: #082326;""><a
                        style=""color: #082326; text-decoration: underline;"" href="""">SAP</a></span></span>.
        </p>
        <p><em>Disclaimer:</em>&nbsp;<em>The information in this blog represents the opinion of the author. Though the
                information herein has been obtained from public sources believed to be reliable, RheinBrücke makes no
                representation as to its accuracy or completeness. Hyperlinks to third-party websites in this report are
                provided for reader convenience only. RheinBrücke neither endorses the content nor is responsible for
                the accuracy or security controls of these websites.</em></p>

        <p><strong>Related Blogs</strong></p>

        <ul>
            <li>


                <a href="""">Top 7 ERP Software for 2025</a>
            </li>
            <li>
                <a href="""">ERP Comparison – Epicor ERP vs SAP
                    ERP</a>
            </li>
            <li>
                <a href="""">Epicor vs NetSuite –
                    Differences in Overheads</a>
            </li>
            <li>
                <a href="""">Epicor
                    ERP vs Microsoft Dynamics 365 – A Detailed Comparison</a>
            </li>
            <li>
                <a href="""">8 Step
                    Checklist for Selecting the Right ERP Software for your business</a>
            </li>
        </ul>



    </div>",,Suresh Chandrasekharan,https://fltdymhjpiwnwltazqse.supabase.co/storage/v1/object/public/blog-images/blog-images/1765343041167-k3xqr.jpeg,all,true,2022-12-16 05:04:08.65497+00,2025-12-11 10:33:34.738651+00
cbc21c08-e777-4a68-8a75-e4ff8dec4ef0,"7 Game Changing Benefits of AI and Automation in ERP ",7-game-changing-benefits-of-ai-and-automation-in-erp,"  <div class=""text-dark"">
        <p>Enterprise Resource Planning (ERP) is no longer just a back-office
            system. In today’s fast-moving markets, where supply chain disruptions, rising costs, and constant change
            are the norm, businesses need ERP systems that are smart, not just efficient but also intelligent.</p>
        <p>That is where artificial intelligence (AI) and automation come in.
            Together, they are reshaping ERP into a powerful engine for growth, speed, and agility. Instead of simply
            managing operations,<a href=""""> modern
                ERP</a> platforms can now learn from them, anticipate what comes next, and guide smarter decisions.</p>

<div class=""ser-btn2 m-auto text-center""><a class=""animated-svg-link1 btn-style-3"" href=""/contact/"">Contact Us<span class=""svg-container ""><span class="" left""><svg width=""24"" height=""23"" viewBox=""0 0 24 23"" fill=""none"" xmlns=""http://www.w3.org/2000/svg""><circle class=""dot"" opacity=""0.5"" cx=""16.0004"" cy=""4.79995"" r=""1.6"" fill=""#535353""></circle><circle class=""dot"" opacity=""0.5"" cx=""12.7992"" cy=""1.6"" r=""1.6"" fill=""#535353""></circle><circle class=""dot"" opacity=""0.5"" cx=""22.4008"" cy=""11.2"" r=""1.6"" fill=""#535353""></circle><circle class=""dot"" opacity=""0.5"" cx=""1.6"" cy=""11.2"" r=""1.6"" fill=""#535353""></circle><circle class=""dot"" opacity=""0.5"" cx=""6.40078"" cy=""11.2"" r=""1.6"" fill=""#535353""></circle><circle class=""dot"" opacity=""0.5"" cx=""11.1996"" cy=""11.2"" r=""1.6"" fill=""#535353""></circle><circle class=""dot"" opacity=""0.5"" cx=""16.0004"" cy=""11.2"" r=""1.6"" fill=""#535353""></circle><circle class=""dot"" opacity=""0.5"" cx=""19.1996"" cy=""14.4"" r=""1.6"" fill=""#535353""></circle><circle class=""dot"" opacity=""0.5"" cx=""16.0004"" cy=""17.6"" r=""1.6"" fill=""#535353""></circle><circle class=""dot"" opacity=""0.5"" cx=""12.7992"" cy=""20.8"" r=""1.6"" fill=""#535353""></circle><circle class=""dot"" opacity=""0.5"" cx=""19.1996"" cy=""8.00002"" r=""1.6"" fill=""#535353""></circle></svg></span></span></a></div>
<br/>

        <p>Here are seven ways AI and automation are transforming ERP into a
            proactive, intelligent business accelerator with real world examples.</p>
      <h3 class=""text-dark"">
            <strong> Smarter decisions with real time predictive insights</strong>
        </h3>
        <br>
        <p>Static dashboards and lagging reports are no longer good enough.
            Businesses need insights that are real time, contextual, and predictive.</p>

        <p>Modern ERP</a> systems
            come with built in analytics and AI powered forecasting tools that do more than show data, they suggest
            actions. You can get alerts on emerging trends, recommendations on pricing, or even risk forecasts for
            supplier delays.</p>
             <h3 class=""text-dark""><strong> Higher productivity with fewer manual tasks</strong></h3>
        <br>
        <p>Disconnected systems and repetitive tasks slow down your teams.
            Automation fixes that. Whether it is automating purchase approvals, syncing inventory data with your online
            store, or connecting with third party logistics, ERP automation tools let you build smart workflows quickly.
        </p>
        <p><a href="""">Low code and no code
                solutions</a>&nbsp;like Epicor Automation Studio let users automate these processes without needing
            heavy IT involvement. This frees up your teams to focus on what really matters while reducing human errors.
        </p>
           <h3 class=""text-dark""><strong> Predictive alerts that spot issues early</strong></h3>
        <br>
        <p><a href="""">AI
                in ERP</a> does not just react to problems, it spots them before they escalate. Intelligent alerting
            tools scan your data for patterns and anomalies. If a key supplier is missing deadlines or if pricing trends
            suggest future margin pressure, your ERP can notify the right teams immediately.</p>
        <p>Epicor’s smart alerts, for instance, integrate directly into daily
            workflows so that users get notified without leaving their screens.</p>
           <h3 class=""text-dark""><strong> Error Reduction and Built-In Compliance</strong></h3>
        <br>
        <p><a href="""">Data
                errors</a> in procurement, invoicing, or finance can lead to costly compliance failures. AI combined
            with automation helps validate data, match invoices to purchase orders, and ensure tax rules are applied
            correctly—in real time Many ERP systems use Robotic Process Automation (RPA) to match invoices to purchase
            orders, check for tax compliance, and catch data mismatches in real time. With platforms like Epicor, audit
            trails and exception handling are built in from the start.</p>
            <h3 class=""text-dark""><strong> Risk management that is proactive, not reactive</strong></h3>
        <br>
        <p>From supplier issues to credit risks, AI powered ERP systems help
            identify problems before they impact your business. Automated risk alerts can flag supplier non-performance,
            sudden pricing fluctuations, or missed quality checks early, giving you time to act.</p>
        <p>This level of visibility is especially critical for industries like <a href="""">manufacturing
            </a>or distribution, where operational delays can quickly ripple across the value chain.</p>
          <h3 class=""text-dark""><strong> Better user adoption through personalization</strong></h3>
        <br>
        <p>Many ERP projects fail because users struggle with complex interfaces.
            AI helps solve this by making the system more intuitive.</p>
        <p>Modern ERP platforms let users personalize dashboards, highlight
            relevant KPIs, and use voice or chat to get answers instantly. Epicor’s Kinetic UX and Virtual Agent (EVA)
            are great examples offering a conversational experience and AI curated widgets that simplify everyday tasks.
        </p>
         <h3 class=""text-dark""><strong> Continuous improvement through learning</strong></h3>
        <br>
        <p>Every interaction with your ERP system generates data. AI takes that
            data and turns it into insights that help you improve. From suggesting better pricing strategies to
            identifying underperforming suppliers, AI driven ERP systems keep learning to support better decisions.</p>

        <p>With platforms like <a href="""">Epicor</a>, this
            kind of continuous learning is not a future feature, it is already in place and delivering value.</p>

    </div>",,Nithiya Rajendiran,https://fltdymhjpiwnwltazqse.supabase.co/storage/v1/object/public/blog-images/blog-images/1765342357966-src34p.jpeg,all,true,2025-08-22 04:52:45.246797+00,2025-12-11 10:27:39.443287+00